0|Keaton Carey|pharetra@placerat.com|sodales nisi magna sed dui. Fusce aliquam, enim nec tempus|1252093585|INBOX
0|Matthew Frazier|mi@posuere.org|Donec feugiat metus sit amet ante. Vivamus non lorem vitae|1243820790|INBOX
0|Alexandra Zamora|eu.dolor@adipiscingenim.edu|non, egestas a, dui. Cras pellentesque. Sed dictum. Proin|1262186834|SENT
0|Tanya Greene|accumsan.sed.facilisis@egestas.ca|Morbi accumsan laoreet ipsum. Curabitur|1261149431|SENT
0|Celeste Houston|malesuada.Integer@velit.com|Ut semper pretium neque. Morbi|1260488882|DRAFTS
0|Acton Wilkinson|Quisque.porttitor.eros@Maecenasmi.org|sollicitudin adipiscing ligula.|1262468281|SENT
0|Rigel Hodge|dictum.sapien.Aenean@dictum.org|parturient montes, nascetur ridiculus mus. Donec dignissim magna a|1247948714|SENT
0|Aretha Mathews|magna@elitEtiam.org|arcu vel quam dignissim pharetra. Nam ac nulla. In|1268215334|INBOX
0|Olivia Weaver|Morbi.accumsan@nunc.ca|dapibus quam quis diam. Pellentesque habitant morbi tristique senectus|1250757625|INBOX
0|Prescott Miles|taciti@sitamet.edu|neque. Nullam|1254285815|SENT
0|Aiko Cannon|non.dui@Phasellus.edu|Nunc sollicitudin|1263902451|INBOX
0|Camilla Woodward|ut.eros.non@Loremipsumdolor.org|Suspendisse|1251338394|INBOX
0|Jane Curry|nisi.dictum.augue@quisdiam.org|dui, nec tempus mauris|1244675029|SENT
0|Raymond Cleveland|interdum.feugiat.Sed@pede.ca|Nunc mauris. Morbi non sapien molestie orci|1269474941|INBOX
0|Violet Osborne|lacus.Aliquam.rutrum@seddictumeleifend.org|Sed nunc est, mollis non, cursus|1244664925|INBOX
0|Lillian Mccullough|facilisis@nisl.com|Integer urna. Vivamus molestie dapibus|1244883200|INBOX
0|Vaughan Whitaker|dignissim.magna@orciPhasellus.edu|lorem, eget mollis lectus pede|1269896611|SENT
0|Angela Buchanan|hymenaeos@Sed.ca|vulputate, risus a ultricies adipiscing,|1248815368|INBOX
0|Piper Frazier|luctus@aauctor.org|sociis natoque penatibus|1263269628|INBOX
0|Ronan Stokes|ut@accumsaninterdum.com|ad litora torquent|1244849103|INBOX
0|Kameko Freeman|risus.a@Morbisit.edu|sed consequat auctor,|1239757253|INBOX
0|Emerson Snyder|Nunc.quis@acmetusvitae.edu|Nunc ullamcorper,|1247363136|INBOX
0|Hayden Mcneil|Ut.nec.urna@adipiscingelitAliquam.com|Morbi accumsan laoreet ipsum. Curabitur consequat, lectus|1254157120|INBOX
0|Rhona Farley|Etiam.bibendum@ligula.ca|at, iaculis quis, pede. Praesent eu dui. Cum|1265055366|DRAFTS
0|Ora Velasquez|pede@semperegestasurna.com|et, lacinia vitae, sodales at, velit. Pellentesque ultricies dignissim|1268133030|SENT
0|Kennan Pope|Integer@elit.com|luctus sit amet, faucibus ut, nulla. Cras eu|1240508372|DRAFTS
0|Shelly Hodge|Phasellus.fermentum.convallis@mollisDuissit.org|cursus purus.|1258247446|INBOX
0|Yasir Russell|In@egestasnunc.ca|eget|1249892951|DRAFTS
0|Wang Rojas|eget@habitant.ca|eget ipsum. Suspendisse sagittis. Nullam vitae diam. Proin dolor.|1250768621|TRASH
0|TaShya Underwood|molestie@veliteget.org|ultrices. Vivamus rhoncus. Donec est.|1254090853|SENT
0|Matthew Blake|penatibus@Integersemelit.org|sodales elit erat vitae risus. Duis a|1241213580|INBOX
0|Carson Blankenship|elit@aliquam.edu|ligula eu enim. Etiam imperdiet dictum magna. Ut|1246715496|INBOX
0|Zane Brennan|Vestibulum@neque.org|est. Nunc ullamcorper, velit in aliquet lobortis, nisi nibh|1252293744|INBOX
0|Pandora Riggs|In@penatibuset.org|magna. Phasellus|1247549878|INBOX
0|Desirae Ellison|Donec.sollicitudin@tincidunt.edu|non sapien molestie orci tincidunt adipiscing. Mauris molestie pharetra|1253885974|SENT
0|Mona Meadows|nibh@euismodestarcu.com|ligula. Nullam feugiat placerat|1251582981|INBOX
0|Yeo Barnett|non@molestie.ca|egestas ligula. Nullam feugiat placerat|1243581857|INBOX
0|Brenda Harmon|facilisis@Nam.com|Morbi vehicula. Pellentesque tincidunt tempus|1259157023|DRAFTS
0|Alyssa Farley|sagittis.Duis.gravida@vulputateveliteu.org|at sem|1253670668|TRASH
0|Palmer Mccormick|In.lorem@ornare.com|lobortis quis, pede. Suspendisse dui. Fusce|1240715600|INBOX
0|Sade Manning|et.rutrum.non@nislQuisque.org|Fusce mollis. Duis sit amet diam|1241394442|SENT
0|Teegan Clayton|pede.nonummy.ut@eratsemperrutrum.ca|sodales elit erat vitae risus. Duis a mi fringilla mi|1244342070|INBOX
0|Vladimir Galloway|adipiscing@ideratEtiam.ca|egestas.|1263809782|TRASH
0|Josiah Mcdaniel|mauris@pedeac.com|velit. Quisque varius. Nam porttitor|1260113140|INBOX
0|Merritt Gamble|natoque.penatibus.et@lacusvestibulum.org|ornare sagittis|1262220077|SENT
0|Lewis Tyson|Fusce.fermentum@egestasAliquamfringilla.org|at lacus. Quisque purus|1268713618|TRASH
0|William Slater|sit@loremtristique.com|consectetuer|1239833084|DRAFTS
0|Coby Reed|vitae.aliquam@odioNam.com|vel quam dignissim pharetra. Nam ac nulla.|1240911887|SENT
0|August Knowles|quis.lectus.Nullam@augue.org|senectus et|1259428409|INBOX
0|Madaline Gentry|luctus.et.ultrices@volutpatNulla.ca|sodales purus,|1249290386|SENT
0|Mufutau Spencer|sed.hendrerit.a@enim.edu|ligula tortor, dictum eu,|1245608183|TRASH
0|Elvis Whitaker|Nunc.quis@inceptoshymenaeos.ca|sit amet massa. Quisque porttitor eros nec tellus. Nunc|1238935892|DRAFTS
0|Price Sexton|Integer.tincidunt@Aeneaneget.com|velit. Pellentesque|1242722690|DRAFTS
0|Jin Knapp|pharetra.felis@laciniavitaesodales.org|convallis|1261263968|INBOX
0|Griffith Vaughn|pede.blandit@famesac.ca|volutpat. Nulla dignissim. Maecenas ornare egestas ligula. Nullam feugiat placerat|1254510659|TRASH
0|Indira Carson|in@atpede.com|magna sed dui. Fusce aliquam, enim|1269239978|SENT
0|Pascale Pearson|ornare.facilisis@utnulla.edu|tellus sem mollis dui, in sodales elit erat vitae risus.|1244660253|DRAFTS
0|Macaulay Collins|eget.odio@gravida.org|non quam. Pellentesque habitant morbi|1265373050|INBOX
0|Keane Page|nec.orci.Donec@non.edu|fermentum arcu. Vestibulum ante ipsum primis in faucibus orci luctus|1265279267|INBOX
0|Robin Faulkner|Cras@Nunc.com|arcu.|1269261278|SENT
0|Chase Bray|Quisque@Proin.com|Quisque nonummy ipsum non arcu.|1265983562|DRAFTS
0|Madaline Hayes|pharetra@est.ca|vel turpis. Aliquam adipiscing lobortis risus. In mi pede,|1246355748|INBOX
0|Mia Bruce|ac@montesnascetur.com|Suspendisse eleifend. Cras sed leo.|1258603698|INBOX
0|Linus Hammond|velit.Aliquam.nisl@mauriserateget.org|non,|1262256904|INBOX
0|Rina Sharpe|Mauris@duiquis.org|mattis. Cras eget nisi dictum augue malesuada malesuada.|1242376647|INBOX
0|Fallon Waller|magna.Sed.eu@luctussitamet.edu|nec ligula consectetuer rhoncus. Nullam velit dui,|1243945294|INBOX
0|Reuben Abbott|enim.Mauris@vulputateeu.ca|malesuada|1246923609|INBOX
0|acqueline Juarez|Aliquam.nisl.Nulla@Sednuncest.com|erat. Etiam vestibulum|1261455146|INBOX
0|Aladdin Mitchell|Ut.sagittis@temporarcuVestibulum.com|nec, malesuada ut, sem. Nulla|1247118557|INBOX
0|Otto Mccarthy|sit@augueeutellus.ca|lacus. Aliquam rutrum lorem ac risus. Morbi metus.|1264007803|DRAFTS
0|Alexandra Chavez|tellus.lorem@rutrumFuscedolor.com|non, dapibus rutrum, justo. Praesent luctus. Curabitur egestas nunc sed|1242842640|SENT
0|Savannah Watts|et.magnis@Namligula.edu|Ut tincidunt orci quis lectus. Nullam suscipit, est ac facilisis|1239465401|INBOX
0|Megan Dillard|Nulla.aliquet.Proin@interdum.com|diam. Pellentesque habitant morbi tristique senectus et netus et|1248094916|SENT
0|Lawrence Stuart|enim.Mauris@Integereu.edu|erat.|1266744518|INBOX
0|Malik Carrillo|Vestibulum.accumsan@Curabitur.org|nulla. Integer vulputate,|1263255480|INBOX
0|Nomlanga Potts|vulputate@fringillaDonec.edu|est, congue a, aliquet vel, vulputate eu, odio. Phasellus at|1269474484|INBOX
0|Nomlanga Kirk|lobortis.quis.pede@lectusNullam.edu|Morbi vehicula. Pellentesque|1247357850|SENT
0|Eliana Knox|varius.ultrices@magnaLorem.org|nibh lacinia orci, consectetuer euismod est arcu ac orci.|1248247097|DRAFTS
0|Ursula Sharp|nec@Craseu.org|Duis ac arcu. Nunc mauris. Morbi non sapien|1262548371|SENT
0|Devin Steele|laoreet.ipsum.Curabitur@quismassa.org|neque vitae semper egestas,|1256918117|DRAFTS
0|Charlotte Heath|metus.urna.convallis@enimSednulla.com|Duis dignissim|1260772341|INBOX
0|Dolan Patel|dolor.dapibus@ultrices.com|ut, nulla. Cras eu tellus eu|1239547601|DRAFTS
0|Azalia Massey|sollicitudin.commodo.ipsum@cursus.edu|dui, nec tempus mauris erat eget ipsum.|1255957502|DRAFTS
0|Kennedy Everett|quam.Curabitur.vel@amalesuada.edu|vel lectus. Cum sociis natoque penatibus et magnis dis parturient|1243434021|TRASH
0|Dustin Pate|porttitor.scelerisque@ametorciUt.edu|id sapien. Cras dolor dolor, tempus non,|1251028987|SENT
0|Pearl Ratliff|Sed.molestie.Sed@sapienAeneanmassa.edu|mauris ipsum porta elit, a|1248576523|TRASH
0|Oscar Benson|cursus.et@velitin.edu|non, hendrerit|1241271322|DRAFTS
0|Brittany Hurley|amet.luctus@magnatellus.com|nulla magna, malesuada vel, convallis|1261416386|TRASH
0|Gil Phelps|at.libero.Morbi@semperrutrum.edu|ullamcorper|1247956772|INBOX
0|Elmo Stanley|Quisque.libero.lacus@Maurisvel.com|pellentesque massa lobortis ultrices.|1240353598|INBOX
0|Yeo Galloway|Nulla.tincidunt@Integerid.com|accumsan interdum libero dui|1242066171|INBOX
0|Abbot Mclaughlin|enim.nec.tempus@urnaUttincidunt.ca|nec, imperdiet nec, leo. Morbi|1244208399|SENT
0|Karly Flores|nibh.Phasellus@tortorIntegeraliquam.edu|lobortis, nisi nibh lacinia orci, consectetuer euismod est arcu|1251593252|INBOX
0|Ali Riley|lorem.Donec@diamluctuslobortis.com|in faucibus orci luctus et ultrices posuere cubilia|1245301346|TRASH
0|Benedict Doyle|Suspendisse.dui@a.ca|sociis natoque penatibus et magnis dis parturient montes, nascetur ridiculus|1262681339|INBOX
0|Alexander Brooks|porta.elit.a@ipsumnon.org|cursus a, enim. Suspendisse aliquet, sem|1255118693|INBOX
0|Walker Roberts|adipiscing.lobortis@adlitora.edu|tincidunt. Donec vitae|1267674446|INBOX
0|Noah Gaines|neque.Nullam@ultricesiaculis.org|auctor velit. Aliquam nisl. Nulla eu|1268171102|SENT
0|Sonya Berger|in.molestie@vel.ca|cursus.|1241250127|INBOX
0|Larissa Sampson|Aliquam@aliquetPhasellusfermentum.org|amet orci. Ut sagittis lobortis mauris.|1249961707|TRASH
0|Glenna Rivers|a.tortor.Nunc@tortorNunc.ca|egestas, urna justo faucibus lectus, a|1250330052|DRAFTS
0|Honorato Spears|porttitor@vulputatevelit.ca|feugiat nec,|1259202029|INBOX
0|Zeus Dunn|egestas.hendrerit.neque@metusAeneansed.edu|est, mollis non, cursus|1250493596|INBOX
0|Nero Gonzales|arcu.eu@sociis.com|nec orci. Donec nibh. Quisque|1269590386|SENT
0|Wynne Boone|id@semperauctorMauris.com|gravida sit amet, dapibus id, blandit at, nisi. Cum|1259786261|DRAFTS
0|Azalia Hampton|pellentesque@venenatislacusEtiam.org|amet risus. Donec egestas. Aliquam nec enim. Nunc ut erat.|1254757280|SENT
0|Clare Marsh|Vivamus.nibh.dolor@miacmattis.ca|nostra, per inceptos|1257953304|TRASH
0|Scarlett Lara|tincidunt.Donec@lorem.org|et, lacinia vitae,|1268080946|TRASH
0|Ahmed Mayer|Etiam.ligula.tortor@arcuVestibulum.edu|aliquet vel, vulputate eu, odio. Phasellus at augue|1265470581|INBOX
0|Amal Carroll|eget.lacus.Mauris@loremvehicula.com|purus. Maecenas libero est, congue a, aliquet vel,|1257199414|INBOX
0|Gregory Stanley|eros.Proin.ultrices@veliteu.org|enim commodo hendrerit. Donec porttitor tellus non magna.|1269791173|SENT
0|Tatiana Mcpherson|amet.ornare@dictum.edu|tempus non, lacinia|1263612064|INBOX
0|Althea Gross|vel.faucibus.id@in.com|lectus quis massa. Mauris vestibulum, neque sed dictum|1253106328|DRAFTS
0|Yoshi Savage|non.arcu@tellusSuspendissesed.com|laoreet lectus quis massa. Mauris vestibulum,|1248475041|INBOX
0|Cally Christensen|eu.odio@habitantmorbitristique.edu|iaculis aliquet|1248567558|TRASH
0|Zephr Douglas|ac@apurusDuis.com|magna a|1247794877|INBOX
0|Nomlanga Caldwell|tempus.scelerisque.lorem@ategestasa.org|quam. Curabitur vel lectus.|1251229110|INBOX
0|Acton Preston|Suspendisse.sagittis.Nullam@ultrices.ca|massa. Vestibulum accumsan|1266535285|DRAFTS
0|Veronica Walls|et.nunc.Quisque@Praesenteudui.com|tincidunt tempus risus. Donec egestas. Duis ac|1249621002|SENT
0|Oren Meyers|ante.dictum.mi@sociisnatoquepenatibus.edu|mi, ac mattis velit justo nec ante. Maecenas|1265944335|INBOX
0|Armand Dean|Nunc.pulvinar.arcu@ipsumprimisin.org|nulla. Cras|1269698711|INBOX
0|Paula Castillo|facilisis.facilisis.magna@facilisisSuspendissecommodo.com|mauris sit amet lorem semper auctor. Mauris vel|1247648875|INBOX
0|Xavier Gonzalez|lacus.pede.sagittis@orciadipiscing.ca|tortor|1238909947|SENT
0|Alexandra Vinson|Nam.nulla.magna@orciPhasellusdapibus.org|Duis|1268487589|TRASH
0|Amos Morrow|pede.malesuada.vel@ante.org|vulputate, risus a ultricies adipiscing, enim|1258946193|INBOX
0|David Allison|Phasellus.libero.mauris@luctus.edu|convallis erat, eget tincidunt dui augue eu|1246568161|INBOX
0|Harding Wynn|sodales.purus.in@semeget.edu|penatibus et magnis dis parturient montes,|1260235403|INBOX
0|Bell Hahn|sodales.Mauris.blandit@egetvenenatisa.ca|gravida sagittis. Duis gravida. Praesent|1247054105|INBOX
0|Elmo Burnett|non@quamvel.com|volutpat.|1269459252|TRASH
0|Imogene Contreras|Morbi.sit@ProinvelitSed.ca|Nulla eget|1245755595|INBOX
0|Sigourney Harding|Nullam@fringillami.com|augue|1266410197|INBOX
0|Justin Henson|orci.Ut.sagittis@uterosnon.org|rhoncus. Nullam velit dui, semper et, lacinia vitae, sodales|1266387752|INBOX
0|Reece Bradshaw|luctus.sit.amet@SuspendisseeleifendCras.com|ut lacus. Nulla tincidunt, neque vitae semper egestas, urna justo|1251412852|INBOX
0|Kirsten Owens|aliquet.diam@fermentum.edu|Aenean euismod mauris eu elit. Nulla facilisi.|1246256833|DRAFTS
0|Tashya Keller|tellus@etrutrumnon.org|at, libero. Morbi accumsan|1245024962|TRASH
0|Griffith Dunlap|consectetuer@disparturient.edu|venenatis a, magna. Lorem ipsum dolor sit|1254032418|TRASH
0|Mallory Harmon|dictum.ultricies.ligula@hendreritnequeIn.ca|luctus. Curabitur egestas nunc sed libero. Proin sed turpis|1268480090|INBOX
0|Ella Moore|Donec@Suspendisseseddolor.com|Proin dolor. Nulla semper tellus id nunc interdum|1261299706|TRASH
0|Asher Lopez|rutrum.Fusce@velit.ca|elementum, lorem ut aliquam iaculis, lacus|1258146298|SENT
0|Jocelyn Wright|eu.augue@morbitristique.edu|posuere vulputate, lacus.|1255126309|TRASH
0|Hyacinth Howard|adipiscing.non@Maurismolestiepharetra.edu|Donec porttitor tellus non magna. Nam|1243316143|INBOX
0|Gisela Swanson|et@atvelitPellentesque.edu|interdum. Nunc sollicitudin commodo ipsum. Suspendisse non|1242833555|INBOX
0|Gabriel Weber|pede.ac.urna@lobortis.org|tellus. Nunc lectus pede, ultrices a, auctor non, feugiat|1268841305|DRAFTS
0|Berk Glover|metus.In.lorem@volutpatNullafacilisis.org|tristique senectus et netus et malesuada fames|1260341815|DRAFTS
0|Hamilton Leon|aliquet.metus@molestiesodales.com|iaculis aliquet diam. Sed diam lorem, auctor quis,|1262631828|INBOX
0|Seth Melton|dictum@eratvitae.edu|aliquet, sem ut cursus luctus, ipsum|1257822300|TRASH
0|Rooney Mack|at.auctor@nullaIntegervulputate.edu|massa|1249246023|DRAFTS
0|Jelani Burris|pharetra@elitpellentesquea.org|faucibus|1265427355|DRAFTS
0|Whitney Cherry|nec.quam@blandit.ca|eget|1252159395|INBOX
0|Hollee Stafford|Cum@enim.com|tellus id nunc interdum feugiat. Sed nec metus|1248985774|INBOX
0|Keelie Burt|non.hendrerit.id@ullamcorperDuiscursus.org|Maecenas ornare egestas ligula. Nullam feugiat placerat velit. Quisque|1268546297|INBOX
0|Claudia Casey|mattis@nibhenimgravida.edu|lacinia vitae, sodales at, velit.|1252962970|INBOX
0|Hedy Meyer|mauris@nec.ca|non nisi. Aenean eget metus. In nec|1259661954|INBOX
0|Suki Hart|tellus.faucibus.leo@Loremipsumdolor.edu|morbi tristique senectus|1244842913|INBOX
0|Colleen Carlson|augue.porttitor.interdum@magnis.edu|tincidunt, neque vitae|1265997750|INBOX
0|Gisela Kaufman|taciti.sociosqu.ad@enimnisl.org|eleifend egestas. Sed pharetra,|1268660640|DRAFTS
0|Geraldine Bright|tortor.nibh@sociisnatoquepenatibus.org|ligula. Aliquam|1249630166|INBOX
0|Sloane Zimmerman|nec.ligula.consectetuer@aliquamenimnec.org|elit elit fermentum risus, at fringilla purus mauris a|1241609732|INBOX
0|Dominique Kim|scelerisque@Etiam.edu|eros turpis non enim. Mauris quis|1260689806|INBOX
0|Ivor Carpenter|bibendum.Donec@Donecfringilla.com|Phasellus at augue id ante|1239621809|DRAFTS
0|Lael Byrd|egestas.lacinia@orciluctuset.com|non|1248876056|SENT
0|Sylvia Howard|Suspendisse.sed.dolor@utpellentesque.ca|id risus quis diam luctus lobortis. Class aptent|1256356835|INBOX
0|Germane Guerra|Sed.molestie@sit.com|dictum eleifend, nunc risus varius orci, in consequat|1254275177|INBOX
0|Adria Berg|ante.Nunc.mauris@neque.com|lacus. Quisque purus sapien, gravida non,|1253562090|SENT
0|Darius Henson|rhoncus.Nullam@eget.edu|enim, gravida sit amet, dapibus id, blandit|1244405143|INBOX
0|Emma Mayer|cursus.diam.at@pellentesqueSed.edu|erat, eget tincidunt dui augue eu|1250260148|INBOX
0|Alexander Robles|urna.suscipit@nibhlacinia.ca|et magnis dis parturient montes, nascetur ridiculus mus. Proin vel|1258289561|DRAFTS
0|Cooper King|Ut@laciniavitae.edu|ligula. Nullam enim.|1258191955|SENT
0|Rose Mathews|lorem.lorem.luctus@nulla.edu|non ante bibendum ullamcorper. Duis cursus, diam|1250260677|INBOX
0|Galena Lyons|quis.pede.Suspendisse@metuseuerat.edu|nec ante. Maecenas mi felis,|1249019523|TRASH
0|Kay Puckett|vitae.risus.Duis@etmalesuada.com|volutpat ornare, facilisis eget, ipsum. Donec sollicitudin adipiscing ligula. Aenean|1269582298|INBOX
0|Quemby Castillo|blandit.viverra@varius.edu|faucibus leo,|1248706699|DRAFTS
0|Emi Turner|montes.nascetur@atfringillapurus.org|penatibus et magnis|1246662894|INBOX
0|Zephr Alexander|interdum@estconguea.com|pede, ultrices a, auctor non,|1263209656|SENT
0|Regina Hogan|fermentum.convallis@ipsum.edu|risus varius orci, in consequat enim|1264669054|INBOX
0|Madeson Mason|a.purus@inconsectetueripsum.ca|dui,|1239076559|SENT
0|Tanek Grant|odio@luctuslobortis.org|ipsum porta elit, a feugiat tellus lorem eu|1268827733|SENT
0|Vera Dickson|magna.nec@nibh.org|Pellentesque tincidunt tempus risus. Donec egestas. Duis ac arcu. Nunc|1255470899|INBOX
0|Judah Lawrence|sed.sem@vitaesodalesat.org|nibh. Aliquam ornare, libero at auctor ullamcorper,|1262730509|INBOX
0|Pandora Newton|pede.et@lacus.ca|egestas ligula. Nullam feugiat placerat|1257383474|SENT
0|Dakota Clark|at.lacus@cursusluctus.org|amet ultricies sem magna nec quam. Curabitur vel lectus.|1267628099|INBOX
0|George Sweet|rutrum.justo@orci.edu|tempor bibendum. Donec felis orci,|1261266565|INBOX
0|Christine Perkins|nulla.In@nonvestibulumnec.org|sodales nisi magna sed dui. Fusce|1261262481|INBOX
0|Harrison Roy|est.ac.mattis@dolor.ca|Nunc mauris elit, dictum eu, eleifend nec,|1253550214|INBOX
0|Cody Williams|cursus.Integer@feugiatnonlobortis.org|Aenean massa. Integer vitae nibh.|1251272348|INBOX
0|Simon Woodward|est@odiosempercursus.ca|mauris blandit mattis. Cras eget nisi dictum augue malesuada malesuada.|1241630915|SENT
0|Sawyer Clayton|tellus.sem.mollis@sodales.edu|in felis. Nulla|1258470427|INBOX
0|Jesse Bryan|dictum@neque.edu|vitae, aliquet nec, imperdiet nec, leo. Morbi neque|1265803843|SENT
0|Orson Case|blandit.Nam.nulla@neccursus.edu|ornare. Fusce mollis. Duis sit amet diam eu dolor|1253460829|SENT
0|Garrett Lambert|euismod.enim@ipsumac.com|sociosqu ad litora torquent per|1254002373|INBOX
0|Herrod Miller|malesuada@vitaesodalesat.ca|blandit|1261889183|TRASH
0|Erasmus Mckenzie|orci@aliquetlibero.edu|Aenean egestas hendrerit neque. In ornare sagittis|1241723538|SENT
0|Larissa Palmer|vitae.sodales.at@ligula.com|erat, eget tincidunt dui augue eu tellus. Phasellus|1268863976|INBOX
0|Zena Nichols|sed.leo@ultrices.edu|lorem tristique aliquet. Phasellus fermentum convallis|1247161270|INBOX
0|Simon Marshall|nunc@Vestibulum.org|non, feugiat nec, diam. Duis mi enim, condimentum|1247770609|INBOX
0|Sheila Delgado|felis.adipiscing.fringilla@sitametconsectetuer.org|eu odio tristique pharetra. Quisque ac libero nec|1269133091|DRAFTS
0|Chadwick Peck|facilisis@ornare.edu|lectus sit amet luctus vulputate, nisi|1256591121|DRAFTS
0|Gemma Reese|tincidunt.tempus.risus@suscipitnonummyFusce.ca|sem|1268428185|INBOX
0|Uriel Blanchard|nonummy.ut.molestie@semelitpharetra.ca|consectetuer euismod est arcu ac orci. Ut semper|1260349655|SENT
0|Reuben Cardenas|nec.eleifend.non@acfeugiat.org|dignissim pharetra. Nam ac nulla. In tincidunt congue|1245579387|SENT
0|Lawrence Briggs|et.pede.Nunc@dignissim.com|sapien.|1241976203|DRAFTS
0|Arden Camacho|at@interdumCurabitur.ca|tempus, lorem|1239869640|INBOX
0|Constance Pickett|molestie.Sed.id@aauctor.com|et,|1251431602|TRASH
0|Dale Booth|erat.nonummy@lorem.ca|nec, cursus a, enim. Suspendisse aliquet, sem ut cursus luctus,|1255840255|INBOX
0|Jemima Bender|ultricies.adipiscing.enim@pellentesqueSed.ca|tortor at risus. Nunc ac sem ut dolor dapibus gravida.|1262449788|INBOX
0|Maggy Hickman|sit.amet@justoPraesentluctus.ca|Donec luctus aliquet odio. Etiam ligula tortor, dictum eu,|1255885434|TRASH
0|Ivan Lara|at.pede.Cras@estarcu.ca|consequat dolor vitae dolor. Donec fringilla.|1242300886|INBOX
0|Gabriel Velazquez|amet.consectetuer@rhoncusNullam.ca|sollicitudin a, malesuada|1260766562|INBOX
0|Leonard Buck|nonummy.Fusce@sedestNunc.ca|turpis egestas. Aliquam fringilla cursus purus. Nullam scelerisque neque sed|1247290527|INBOX
0|Stephen Waller|et.lacinia.vitae@imperdiet.org|fermentum risus, at|1243823138|INBOX
0|Charissa Osborn|consectetuer.adipiscing.elit@Phasellus.ca|felis ullamcorper viverra. Maecenas iaculis aliquet diam. Sed diam lorem,|1270178690|INBOX
0|Cecilia Wooten|tellus.eu.augue@sapienimperdietornare.org|diam eu dolor egestas rhoncus. Proin nisl|1254083852|INBOX
0|Kendall Randall|neque.venenatis.lacus@Nunccommodo.org|vel turpis. Aliquam adipiscing lobortis risus. In mi|1256477451|INBOX
0|Paloma Noble|sagittis@Nuncsedorci.edu|sagittis placerat.|1258108059|SENT
0|Blaine Mcbride|Ut.sagittis.lobortis@non.edu|sapien. Nunc pulvinar arcu et|1244895084|INBOX
0|Reece Spence|Donec.tincidunt.Donec@nonloremvitae.ca|a neque. Nullam ut nisi|1259049640|TRASH
0|Warren Chaney|neque@molestiearcuSed.org|rutrum urna, nec luctus felis purus ac tellus. Suspendisse|1239893434|TRASH
0|Wylie Nelson|Nulla.facilisis@eleifendvitaeerat.com|vel pede blandit congue. In scelerisque scelerisque dui. Suspendisse|1267660477|SENT
0|Aspen Mejia|quam.Pellentesque@odio.org|adipiscing, enim mi tempor lorem, eget mollis|1267489517|INBOX
0|Chastity Workman|nec@eutellus.ca|non, feugiat|1265587896|INBOX
0|Jescie Buckley|augue.eu@accumsan.com|placerat,|1267402469|TRASH
0|Ian Wagner|tortor.dictum.eu@anteblandit.ca|ultrices posuere cubilia Curae; Phasellus ornare. Fusce|1246559396|INBOX
0|Aristotle Mullen|Sed.id@etmagnisdis.com|elit erat vitae risus. Duis a mi fringilla mi lacinia|1258736326|SENT
0|Daria Bradley|elit.pede.malesuada@Donecatarcu.com|purus. Maecenas libero est, congue a, aliquet vel, vulputate eu,|1247341853|DRAFTS
0|Lucas Orr|facilisis.eget.ipsum@vitaepurus.com|ligula. Nullam|1247555460|INBOX
0|Yuri Washington|blandit.congue.In@Maurismolestiepharetra.org|ut aliquam iaculis, lacus pede sagittis augue, eu tempor|1247878442|INBOX
0|Ebony Puckett|eget@hendreritidante.ca|vitae, erat. Vivamus|1248865331|TRASH
0|Gray Rivers|risus@nec.ca|Nulla interdum. Curabitur dictum. Phasellus in felis. Nulla tempor augue|1264756913|INBOX
0|Tobias Simpson|purus.mauris.a@Sednulla.edu|et libero. Proin mi. Aliquam gravida mauris ut|1261625763|INBOX
0|Shana Molina|massa@Aliquamnec.ca|nisl arcu iaculis enim, sit amet|1269476451|SENT
0|Kermit Steele|mauris.ut.mi@lobortisaugue.ca|convallis est, vitae sodales|1261553672|DRAFTS
0|Tanek Pena|pharetra.nibh.Aliquam@natoquepenatibuset.ca|ac metus|1261592851|SENT
0|Coby Best|convallis@nisl.ca|tincidunt pede ac urna. Ut tincidunt|1267697160|INBOX
0|Autumn Weaver|laoreet@vestibulumnec.edu|consectetuer adipiscing elit. Curabitur|1254475706|INBOX
0|Keiko Cooper|Aenean.eget@tristique.edu|semper rutrum. Fusce|1247220416|TRASH
0|Heidi Tanner|convallis.dolor@estvitaesodales.com|sed pede nec ante blandit viverra. Donec tempus, lorem|1259880397|INBOX
0|Quinn Fry|arcu.Sed@augueeutellus.edu|Donec vitae erat vel pede blandit congue. In|1267969528|INBOX
0|Grace Delaney|cubilia.Curae;@vulputateveliteu.edu|ipsum cursus vestibulum. Mauris|1260624182|DRAFTS
0|Rylee Tate|ultrices@acipsum.edu|scelerisque dui. Suspendisse|1255916206|INBOX
0|Jessamine Lott|ante.dictum.cursus@cursusInteger.org|tortor, dictum eu, placerat eget, venenatis a, magna. Lorem ipsum|1253897506|INBOX
0|Basil Bradshaw|non.justo.Proin@nulla.ca|neque.|1258242122|INBOX
0|Indira Casey|sodales@amet.org|mi|1261828824|SENT
0|Dean Solomon|enim@vulputate.org|gravida|1248795514|DRAFTS
0|Sylvia Hebert|magna.Sed@blandit.edu|pretium|1247080626|INBOX
0|Genevieve Conley|vitae@semperpretium.com|a, scelerisque sed, sapien. Nunc pulvinar arcu et pede.|1247670803|SENT
0|Kenyon Gross|et.ultrices.posuere@eratvolutpat.ca|egestas. Fusce|1257014600|INBOX
0|Halee Chandler|scelerisque.scelerisque@eueratsemper.org|pede. Nunc sed orci lobortis augue scelerisque mollis. Phasellus libero|1244894647|INBOX
0|Janna Cash|accumsan.interdum.libero@lacus.edu|a,|1247782365|DRAFTS
0|Nichole Rowe|magna.Nam.ligula@ornarefacilisiseget.com|erat, in consectetuer ipsum nunc id enim. Curabitur massa.|1261047220|INBOX
0|Daphne Tran|ut@euodiotristique.com|blandit congue. In scelerisque scelerisque dui. Suspendisse ac metus|1269473859|SENT
0|Veda Wolfe|Sed.nec.metus@lorem.org|in, cursus et,|1244377323|INBOX
0|May Bonner|Maecenas.iaculis.aliquet@arcuNunc.edu|purus. Maecenas|1243204163|SENT
0|Phillip Holman|libero.mauris.aliquam@eutellus.com|ipsum. Suspendisse non leo. Vivamus|1247488017|DRAFTS
0|Armando Travis|Aenean.egestas.hendrerit@consequat.org|per inceptos hymenaeos. Mauris|1261855491|INBOX
0|Branden Pierce|congue.elit.sed@Duisrisus.edu|ultrices iaculis odio.|1250813381|INBOX
0|Kermit Gillespie|in.faucibus.orci@nisidictum.edu|dignissim magna a tortor. Nunc commodo auctor velit.|1246698608|INBOX
0|Petra Weaver|ut.erat@utipsumac.com|sit|1252924252|SENT
0|Peter Tanner|mauris.eu.elit@tinciduntvehicula.ca|netus et|1257789938|INBOX
0|Ulla Clayton|augue@Donectemporest.ca|sagittis placerat.|1244319505|INBOX
0|Macy Hardin|fames@mollisnon.edu|ipsum. Donec sollicitudin adipiscing ligula.|1257916311|INBOX
0|Amal Moody|rutrum.Fusce@felis.edu|at auctor ullamcorper, nisl arcu iaculis enim,|1250663890|SENT
0|Nehru Mendez|eget.odio@facilisismagnatellus.org|molestie|1253894788|SENT
0|Rafael Swanson|amet.luctus.vulputate@urnaUt.org|et arcu imperdiet ullamcorper. Duis at lacus.|1243048667|DRAFTS
0|Danielle Horn|pharetra.ut@Mauris.edu|at lacus. Quisque purus sapien, gravida|1252689684|SENT
0|Brenna Flowers|eu.ultrices@dolor.edu|pellentesque a, facilisis non,|1240983985|TRASH
0|Kiara Church|enim@Nunc.edu|venenatis a, magna. Lorem|1253592535|SENT
0|Stacy Hurley|sit@molestiein.org|magna et ipsum cursus vestibulum. Mauris magna. Duis dignissim|1264289681|INBOX
0|Sage Wall|Mauris.quis.turpis@posuere.com|vitae purus gravida sagittis. Duis gravida. Praesent eu nulla|1265728072|SENT
0|Upton Branch|tristique@dui.edu|ligula consectetuer rhoncus. Nullam velit dui, semper et, lacinia|1263398285|DRAFTS
0|Bernard Brennan|Sed.neque.Sed@faucibus.edu|in, dolor. Fusce|1261183783|INBOX
0|Xyla Hall|risus@Cum.edu|Etiam laoreet, libero et tristique|1244587103|INBOX
0|Stephanie Guthrie|Sed@semutcursus.edu|vel lectus. Cum sociis natoque penatibus et magnis|1266965972|INBOX
0|Inga Sparks|magna@auctorullamcorper.edu|habitant morbi|1262428144|INBOX
0|Nomlanga Higgins|semper@diamlorem.com|Quisque varius. Nam|1267444640|INBOX
0|Gloria Forbes|congue@vitaeposuere.ca|sit amet, consectetuer adipiscing elit.|1262353867|INBOX
0|Robin Holland|volutpat.Nulla@tinciduntorciquis.org|consequat auctor,|1270019695|DRAFTS
0|Ulla Santana|Donec@rutrum.ca|mi eleifend egestas. Sed pharetra, felis eget varius ultrices,|1268263243|SENT
0|Melinda Carpenter|accumsan.convallis@enimMaurisquis.org|massa lobortis ultrices. Vivamus rhoncus.|1251491580|INBOX
0|Stephanie Duncan|adipiscing@Sed.ca|facilisis vitae,|1245825119|DRAFTS
0|Alice Blevins|aliquet@at.com|tellus lorem eu metus. In lorem. Donec elementum, lorem ut|1254498904|INBOX
0|Alyssa Gutierrez|eu.odio@quama.com|Nam interdum enim non nisi. Aenean|1246433557|TRASH
0|Kristen Poole|mollis@sagittisfelis.org|pede, nonummy ut,|1265671320|INBOX
0|Isabella Cooke|ac.sem@posuereenim.com|Etiam gravida molestie arcu. Sed eu nibh|1253011375|INBOX
0|Armando Meyers|nascetur@velit.ca|auctor non, feugiat nec,|1242285801|INBOX
0|Brandon Cummings|vel@mauris.com|velit justo nec ante. Maecenas mi felis, adipiscing|1245084266|SENT
0|Noelani Hess|Sed.pharetra.felis@pedeblandit.edu|lectus, a sollicitudin orci sem eget massa.|1268105582|SENT
0|Ainsley Holman|ipsum@quisaccumsanconvallis.ca|purus. Duis elementum, dui quis accumsan convallis, ante lectus convallis|1262506999|INBOX
0|Gannon Burnett|a@dolorelitpellentesque.com|Nullam scelerisque neque|1255513274|SENT
0|Chantale Schmidt|congue.a@Aenean.edu|Donec est mauris, rhoncus id, mollis nec, cursus|1254017094|SENT
0|Shellie Medina|urna.Nunc.quis@arcu.ca|vestibulum. Mauris magna. Duis dignissim tempor arcu. Vestibulum ut|1243240590|INBOX
0|Linda Moses|lorem.eget@enim.org|malesuada augue ut|1252723607|INBOX
0|Bernard Weber|tempor.diam@luctus.edu|lacus pede sagittis augue, eu tempor erat|1244956497|DRAFTS
0|Dalton Salazar|quis.tristique@iderat.org|Curabitur dictum. Phasellus in felis. Nulla tempor augue|1269076068|SENT
0|Aurora Frazier|ante.Vivamus@ligulaNullamenim.org|ante blandit viverra. Donec tempus, lorem|1247960185|TRASH
0|Nicholas Jacobs|ut.erat@amalesuada.ca|fringilla purus mauris a nunc. In at|1264993923|INBOX
0|Ulric Woodward|lectus@nisisem.com|Aliquam nec|1261780820|INBOX
0|Erasmus Estrada|sem.mollis@dui.com|ornare, libero|1258442689|INBOX
0|Melvin Hoover|tempor.augue@nequeMorbi.com|tempor arcu. Vestibulum ut eros|1242912110|SENT
0|Jolene Gates|dolor@ligulaNullamenim.ca|aliquet|1245572995|SENT
0|Amery Santiago|nisl.Maecenas@adipiscinglacus.ca|leo|1243157077|INBOX
0|Kaseem Jacobs|a.auctor@dictum.com|elit pede, malesuada vel, venenatis vel, faucibus id,|1268623528|SENT
0|Leslie Huffman|eros.Nam.consequat@magnaUt.edu|nunc nulla vulputate dui, nec tempus mauris|1240272565|INBOX
0|Logan Moon|massa.non@vehicula.com|Sed congue, elit sed consequat auctor, nunc nulla vulputate|1266119452|SENT
0|Jillian Cooley|feugiat@semperduilectus.org|vitae dolor. Donec fringilla. Donec feugiat|1255736115|INBOX
0|Erasmus Tyler|purus.in@pulvinararcuet.com|metus. In lorem. Donec elementum, lorem ut|1250520739|TRASH
0|Hiroko Sheppard|vel.turpis.Aliquam@duilectus.org|tellus sem mollis dui, in|1242758772|SENT
0|Lance Vazquez|id.blandit.at@nibhDonecest.edu|Proin non massa non ante bibendum ullamcorper. Duis cursus,|1258040164|INBOX
0|Lucy Ballard|leo.Vivamus.nibh@Crasdictum.com|ac, fermentum vel, mauris.|1261332193|SENT
0|Pamela Flores|neque.Morbi@Sedcongue.org|congue|1259280844|SENT
0|Elvis Everett|eleifend@sitametfaucibus.edu|rhoncus. Proin nisl sem, consequat nec, mollis vitae,|1248189198|INBOX
0|Kennedy Duke|Duis.risus.odio@purus.edu|semper auctor. Mauris vel turpis. Aliquam adipiscing lobortis|1261818620|INBOX
0|Hasad Shields|sit.amet@lobortis.ca|Nullam nisl. Maecenas malesuada fringilla est.|1257222292|INBOX
0|Christine Britt|vel.turpis@blanditmattis.ca|cubilia Curae; Donec tincidunt. Donec vitae erat vel|1252155170|TRASH
0|Bevis Jennings|Nulla@mi.ca|non, vestibulum nec, euismod in, dolor.|1269499667|DRAFTS
0|Noelani Britt|ornare.libero@liberoInteger.edu|pharetra sed, hendrerit a,|1258334408|INBOX
0|Winifred Torres|sapien@arcu.org|Aliquam|1252741307|TRASH
0|Quinn Dunlap|lectus.quis.massa@nonquamPellentesque.ca|Maecenas ornare egestas ligula. Nullam feugiat placerat|1241366803|INBOX
0|Sacha Hancock|justo.nec.ante@ametultricies.edu|lorem eu metus. In lorem. Donec elementum, lorem ut aliquam|1244692034|INBOX
0|Jermaine Stephenson|vitae.aliquam.eros@Integereulacus.ca|augue|1253416755|SENT
0|Patricia Stanley|lacus.Aliquam.rutrum@nullavulputate.com|volutpat nunc sit amet|1253634359|INBOX
0|Willa Conrad|nec.quam@massaMaurisvestibulum.ca|Ut sagittis|1255128275|DRAFTS
0|Alana Wilson|id.magna@nonquamPellentesque.ca|consectetuer mauris id sapien. Cras dolor dolor,|1270069139|INBOX
0|Melvin Richard|viverra.Donec@neque.ca|porttitor interdum. Sed auctor odio a purus.|1239060501|INBOX
0|Germane Lloyd|aliquam.arcu.Aliquam@euplacerat.org|velit|1262930821|SENT
0|Kirestin Finch|congue.elit.sed@etmagnaPraesent.com|Vivamus rhoncus.|1254408867|INBOX
0|Lee Bonner|mi.Aliquam@egetmetuseu.ca|mi. Duis risus odio, auctor vitae,|1261323030|INBOX
0|Clark Collier|et.euismod.et@quisturpisvitae.edu|lobortis, nisi nibh lacinia orci,|1252256391|SENT
0|Peter Dotson|massa.non@sapien.edu|Nunc mauris. Morbi|1240345412|TRASH
0|Eagan Hopper|facilisis.vitae@molestietellus.org|Cras dictum ultricies ligula.|1255079310|INBOX
0|Arsenio Wheeler|lacus.Aliquam.rutrum@Duisgravida.org|ligula eu enim. Etiam imperdiet dictum magna. Ut tincidunt|1267070109|INBOX
0|Paloma Walton|libero.nec.ligula@nonummyut.org|sem molestie sodales. Mauris blandit enim consequat purus. Maecenas libero|1242050560|SENT
0|Sophia Cash|accumsan.convallis.ante@eleifend.com|lacus. Etiam bibendum fermentum metus. Aenean sed pede nec ante|1247793933|INBOX
0|Elaine Fletcher|Nunc@acfeugiat.org|amet, dapibus id, blandit at, nisi. Cum|1260207932|DRAFTS
0|Rae Castillo|nec.orci@temporerat.ca|fermentum convallis ligula.|1241228899|TRASH
0|Brynne Erickson|dolor@ultrices.com|Integer vitae nibh. Donec est mauris, rhoncus id,|1251899358|INBOX
0|Cailin Sparks|arcu@Duissitamet.ca|enim non nisi. Aenean eget|1265388475|DRAFTS
0|Nita Webster|ornare.lectus.ante@arcuAliquamultrices.org|a feugiat tellus lorem eu metus. In lorem. Donec elementum,|1268529336|INBOX
0|Jordan Mcdonald|semper@sempercursusInteger.org|at, velit. Cras lorem lorem, luctus ut, pellentesque eget, dictum|1266134480|SENT
0|Timon Compton|posuere@risus.org|aliquet vel,|1255758316|INBOX
0|Demetrius Acosta|iaculis@hendrerit.ca|dictum. Proin eget odio.|1242684334|TRASH
0|Chase Curtis|ante.lectus.convallis@molestie.org|odio vel est|1259875971|INBOX
0|Lenore Herman|lacus.vestibulum.lorem@variuset.ca|ultrices iaculis odio. Nam interdum|1249585708|TRASH
0|Henry Bentley|luctus@lacusQuisque.ca|a tortor. Nunc commodo auctor velit. Aliquam nisl. Nulla eu|1253182443|INBOX
0|Kirby Watkins|mi@sedpedeCum.com|nisi sem semper erat, in consectetuer ipsum nunc id enim.|1251178853|TRASH
0|Jonas Kane|urna.Ut.tincidunt@felis.edu|ac mattis ornare, lectus ante dictum mi, ac mattis velit|1260645571|SENT
0|Craig Woodward|morbi.tristique@diam.ca|viverra. Donec tempus,|1253756464|DRAFTS
0|Jade Foreman|lacinia@ametrisusDonec.org|metus sit amet ante. Vivamus non lorem|1259408816|INBOX
0|Fletcher Nash|tempus.non@felispurusac.ca|consectetuer mauris id sapien.|1242822717|TRASH
0|Phillip Giles|ac.tellus.Suspendisse@quisaccumsan.edu|sollicitudin orci sem eget massa. Suspendisse|1253008903|INBOX
0|Kay Mcfadden|mollis@consectetuer.org|enim commodo hendrerit. Donec porttitor tellus non magna.|1248413533|INBOX
0|Kalia Shaffer|ac@pharetra.org|sem. Nulla interdum. Curabitur dictum. Phasellus in felis.|1241751727|INBOX
0|Acton Austin|arcu.Vivamus.sit@eu.ca|aliquam arcu. Aliquam ultrices iaculis odio.|1266479855|INBOX
0|Marah Sanford|mattis.velit@tincidunt.org|diam eu dolor egestas|1268483461|DRAFTS
0|Luke Crane|lacinia.at@Morbisitamet.edu|egestas a, scelerisque sed, sapien. Nunc pulvinar arcu et pede.|1245771282|SENT
0|Hadassah Puckett|montes@nonummyac.ca|ipsum nunc id enim. Curabitur massa. Vestibulum accumsan neque|1269222155|TRASH
0|Paula Cash|hendrerit.id@eudui.com|cursus et, magna. Praesent interdum|1250345385|INBOX
0|Lael Barnett|interdum.Curabitur.dictum@euismodestarcu.edu|In faucibus. Morbi vehicula. Pellentesque tincidunt tempus risus. Donec|1259961144|SENT
0|Aimee Mcintosh|purus@primis.ca|metus sit amet ante. Vivamus non lorem vitae odio|1262715667|SENT
0|Uta Doyle|et@Nuncsedorci.ca|aliquet libero. Integer|1252500769|INBOX
0|Jack Cote|Nulla.eu@gravidanuncsed.org|Sed|1264407785|INBOX
0|Reed Sampson|auctor.nunc@necurnasuscipit.ca|non dui nec|1263190614|TRASH
0|Quon Francis|nibh.lacinia@vitaealiquam.ca|lorem. Donec elementum, lorem|1265994821|INBOX
0|Yvonne Fry|erat.neque.non@maurisInteger.edu|orci quis lectus. Nullam suscipit, est ac facilisis|1247928180|SENT
0|Basil Nichols|congue.turpis.In@blanditatnisi.edu|sem eget massa. Suspendisse eleifend. Cras sed|1240393620|INBOX
0|Dylan Bean|Cras.vulputate@et.org|Morbi sit amet massa. Quisque porttitor eros|1246915751|SENT
0|Helen Harris|Sed@sitametrisus.ca|magna et ipsum cursus|1244492758|SENT
0|Elvis Fletcher|Nunc.lectus.pede@ipsumcursusvestibulum.ca|arcu. Sed|1260983190|DRAFTS
0|Regan Holland|lobortis.nisi.nibh@loremDonec.edu|nec|1266176730|SENT
0|Hop Sexton|libero@nibhdolor.com|et ipsum cursus vestibulum.|1256465965|INBOX
0|Hamish Meyer|enim@enimMauris.edu|Nullam velit dui,|1265055687|INBOX
0|Kirsten Lang|quis@Praesentinterdum.com|ultrices,|1260784670|INBOX
0|Colton Ball|lectus@augue.ca|sodales at, velit. Pellentesque ultricies dignissim|1264440140|SENT
0|Evan Park|ligula@ligula.ca|id, mollis|1257809992|INBOX
0|Kamal Bradley|ullamcorper@Donec.edu|in consectetuer ipsum nunc id|1265283980|INBOX
0|Kendall Kent|ultrices.mauris@temporaugueac.ca|Aliquam tincidunt, nunc ac mattis ornare, lectus ante dictum mi,|1255801668|TRASH
0|Zorita Baker|nec@vel.org|mi.|1262424835|SENT
0|Jaime Ford|faucibus@convallisdolor.edu|Proin sed turpis nec mauris|1249068794|INBOX
0|Karleigh Faulkner|sit@aliquetodioEtiam.org|fermentum metus. Aenean sed pede nec ante|1246746492|SENT
0|Chancellor Petersen|ultricies.sem.magna@dictumsapienAenean.edu|orci luctus et ultrices|1250224464|INBOX
0|Clark Gross|ornare.lectus@est.org|Maecenas ornare egestas ligula. Nullam feugiat placerat velit. Quisque|1254792993|TRASH
0|Kenneth Booth|pharetra@sollicitudin.org|ante dictum cursus. Nunc mauris|1254656602|SENT
0|Dora Moran|Cras.vehicula@duiCraspellentesque.edu|Nunc ullamcorper,|1259478034|DRAFTS
0|Aidan Butler|Fusce@sapienCras.org|mollis. Integer tincidunt aliquam arcu. Aliquam ultrices iaculis|1260753262|SENT
0|Yvonne Knox|erat.vitae.risus@liberoest.ca|ut eros non enim|1249833683|INBOX
0|Ian Mcdaniel|dui.Fusce.diam@Nullam.org|Integer sem elit, pharetra|1246337616|TRASH
0|Dora Peters|varius.et.euismod@nuncacmattis.edu|metus. Aenean sed pede nec|1241807847|TRASH
0|Hanae Valdez|faucibus.leo@sollicitudina.ca|ultrices, mauris ipsum porta elit,|1240944377|DRAFTS
0|Charissa Bender|ut.nisi@pellentesquetellussem.org|aliquet molestie tellus. Aenean egestas hendrerit neque.|1245407799|INBOX
0|Susan Davidson|nisl.Maecenas@Duis.ca|dictum.|1252608916|INBOX
0|Daphne Ross|arcu@semPellentesque.ca|facilisis|1267905035|INBOX
0|Mara Noble|a@nec.ca|tempor, est ac|1243941779|INBOX
0|Ramona Albert|ac.eleifend@fringillaeuismodenim.com|ullamcorper viverra. Maecenas iaculis aliquet|1240524717|DRAFTS
0|Hashim Turner|Cum.sociis.natoque@malesuadavelconvallis.ca|Suspendisse commodo tincidunt nibh.|1262972033|INBOX
0|Lars Chang|neque.vitae@nuncestmollis.ca|enim|1252125601|TRASH
0|Wynne Henson|Quisque@Quisque.edu|vel arcu|1262279826|DRAFTS
0|Tanisha Salazar|sapien.cursus@lobortisquama.org|placerat eget, venenatis a, magna. Lorem ipsum dolor sit amet,|1254359128|INBOX
0|Haviva Kemp|blandit.viverra.Donec@nonummy.ca|amet, consectetuer adipiscing elit. Etiam laoreet, libero|1252102187|TRASH
0|Imogene Wynn|dui@nibhPhasellus.com|faucibus orci|1261354877|SENT
0|Abbot Chen|lectus.justo.eu@fermentummetusAenean.ca|massa lobortis ultrices. Vivamus rhoncus. Donec est. Nunc|1251411508|INBOX
0|Knox Gray|nunc.id.enim@mollis.edu|diam nunc, ullamcorper eu, euismod ac, fermentum vel, mauris. Integer|1249682329|SENT